Employee_ID,Attrition_rate
EID_22713,0.19574709
EID_9658,0.18251175
EID_22203,0.1796251
EID_7652,0.19958617
EID_6516,0.18844226
EID_20283,0.0
EID_21014,0.17975628
EID_7693,0.17684561
EID_13232,0.18663013
EID_6515,0.20348848
EID_13639,0.17114894
EID_14669,0.1954637
EID_16537,0.0
EID_5782,0.15564866
EID_20157,0.19615416
EID_1855,0.0
EID_20748,0.0
EID_23179,0.0
EID_12838,0.0
EID_21656,0.0
EID_8844,0.18065616
EID_1536,0.17354284
EID_8822,0.18148708
EID_11398,0.1859452
EID_12965,0.19270924
EID_5204,0.1805494
EID_10030,0.2072779
EID_13227,0.1705965
EID_20607,0.18912768
EID_14070,0.0
EID_3755,0.0
EID_5459,0.20077895
EID_7697,0.17427789
EID_3935,0.0
EID_19046,0.17686076
EID_4040,0.16152193
EID_17730,0.0
EID_4995,0.19016722
EID_24653,0.1676632
EID_6978,0.0
EID_13775,0.19878775
EID_14608,0.16677845
EID_3148,0.0
EID_24868,0.19178122
EID_5521,0.16235554
EID_21155,0.19463286
EID_3840,0.17129435
EID_10646,0.0
EID_6711,0.19478308
EID_16247,0.0
EID_16789,0.0
EID_17967,0.17059079
EID_13270,0.18047695
EID_18462,0.15105578
EID_22248,0.0
EID_22693,0.17638144
EID_25662,0.18876013
EID_23346,0.1832439
EID_4437,0.1758634
EID_18108,0.17417292
EID_7000,0.16339603
EID_22770,0.19861075
EID_7816,0.0
EID_19615,0.17890483
EID_23807,0.18381883
EID_16764,0.18676314
EID_16818,0.1778519
EID_22712,0.1728126
EID_18198,0.19406196
EID_11154,0.19426619
EID_22137,0.0
EID_11655,0.17474194
EID_18514,0.18658355
EID_24742,0.17019351
EID_16019,0.17144164
EID_7357,0.17726167
EID_20106,0.18051535
EID_13284,0.0
EID_5451,0.15331481
EID_19728,0.19434886
EID_9178,0.19088787
EID_13177,0.1540104
EID_14300,0.19159164
EID_4379,0.17421018
EID_11285,0.0
EID_14882,0.20885243
EID_9969,0.18887962
EID_23643,0.0
EID_5935,0.18412814
EID_7741,0.16917637
EID_6176,0.0
EID_5418,0.1989245
EID_20626,0.2012963
EID_1725,0.0
EID_14317,0.18397775
EID_12120,0.18136573
EID_20264,0.0
EID_16691,0.14483073
EID_1093,0.0
EID_2565,0.0
EID_11463,0.17961392
EID_12005,0.17239755
EID_10326,0.18382312
EID_12582,0.0
EID_18228,0.0
EID_11670,0.20489424
EID_24257,0.0
EID_7024,0.1678859
EID_10382,0.18584184
EID_20210,0.17167725
EID_10294,0.16692552
EID_19941,0.19212966
EID_25572,0.0
EID_7758,0.17308126
EID_22718,0.0
EID_1078,0.16349436
EID_8227,0.16713531
EID_1702,0.16773911
EID_3532,0.15510394
EID_22452,0.0
EID_3019,0.17131633
EID_22264,0.2003929
EID_9866,0.17546885
EID_3520,0.15978831
EID_21098,0.0
EID_1186,0.17609185
EID_12355,0.0
EID_11020,0.17534973
EID_19193,0.16259594
EID_17787,0.0
EID_13719,0.0
EID_24449,0.1762216
EID_12957,0.17787483
EID_24794,0.17377037
EID_2866,0.17667726
EID_10563,0.19702691
EID_22492,0.17304234
EID_4106,0.18471655
EID_6648,0.19055316
EID_7209,0.18181394
EID_9692,0.0
EID_22763,0.17637727
EID_12622,0.16485782
EID_9831,0.17154835
EID_5731,0.14794989
EID_1114,0.0
EID_25017,0.21063364
EID_22956,0.17613952
EID_5549,0.16599645
EID_12022,0.17998718
EID_8034,0.0
EID_20644,0.17003395
EID_20125,0.0
EID_21957,0.16190505
EID_8870,0.15992033
EID_2305,0.0
EID_3977,0.15406772
EID_14845,0.16902655
EID_6629,0.16724367
EID_14577,0.18060683
EID_24509,0.0
EID_1530,0.0
EID_21524,0.21310121
EID_6647,0.0
EID_19730,0.0
EID_4424,0.16199577
EID_7964,0.17261843
EID_6289,0.17224689
EID_2899,0.18321103
EID_2827,0.0
EID_8801,0.19384077
EID_20454,0.19589108
EID_18988,0.18843052
EID_8405,0.0
EID_14497,0.17130962
EID_11769,0.18981618
EID_21353,0.18167375
EID_2221,0.17618647
EID_13218,0.16956107
EID_4576,0.19550933
EID_17470,0.0
EID_14817,0.0
EID_21845,0.18722889
EID_21987,0.15850207
EID_1168,0.16573611
EID_14315,0.19001961
EID_5043,0.1822913
EID_1967,0.17192987
EID_22274,0.1799011
EID_11091,0.1615412
EID_18421,0.18085393
EID_8316,0.17855205
EID_13308,0.21351662
EID_19481,0.0
EID_17732,0.1808522
EID_4504,0.0
EID_2539,0.0
EID_19529,0.16501744
EID_2279,0.17376465
EID_14508,0.1707722
EID_12241,0.18630858
EID_11530,0.16386962
EID_20147,0.0
EID_6154,0.1882871
EID_3523,0.0
EID_20453,0.0
EID_11929,0.0
EID_12840,0.18968211
EID_22320,0.0
EID_25383,0.18070652
EID_10731,0.0
EID_1017,0.17094643
EID_1819,0.0
EID_22849,0.18273099
EID_12290,0.18008259
EID_24238,0.1716889
EID_3105,0.0
EID_14242,0.19089003
EID_16569,0.17926668
EID_8094,0.19694172
EID_7824,0.19347742
EID_8978,0.17907925
EID_25314,0.18068019
EID_17810,0.19458282
EID_14856,0.15943655
EID_22144,0.18099144
EID_23603,0.14425182
EID_7211,0.17579105
EID_19340,0.20772958
EID_1501,0.17729448
EID_22111,0.16015877
EID_16147,0.15980253
EID_16746,0.16333911
EID_20777,0.17302191
EID_12999,0.0
EID_21663,0.18779173
EID_11862,0.18560225
EID_17683,0.1984823
EID_19819,0.1751678
EID_21562,0.19991966
EID_24390,0.15918323
EID_14444,0.19736603
EID_3261,0.0
EID_7752,0.1658779
EID_3033,0.19882718
EID_22433,0.16465299
EID_23727,0.0
EID_24107,0.1722529
EID_22537,0.20778024
EID_13645,0.19259912
EID_16021,0.15546785
EID_19800,0.18507867
EID_1944,0.19008142
EID_15868,0.16033441
EID_22188,0.0
EID_13833,0.19247848
EID_15028,0.19370021
EID_24861,0.17059593
EID_13033,0.19347547
EID_23673,0.0
EID_13265,0.16141534
EID_23411,0.18864234
EID_3761,0.0
EID_7299,0.1621243
EID_2379,0.0
EID_18863,0.18179125
EID_12115,0.15350638
EID_23879,0.18134941
EID_16586,0.20051259
EID_19003,0.1698231
EID_11107,0.20980942
EID_15416,0.17323743
EID_19214,0.17444056
EID_5135,0.19720161
EID_22464,0.20292278
EID_22759,0.17599611
EID_17833,0.0
EID_17627,0.0
EID_25730,0.0
EID_2377,0.17540532
EID_18085,0.0
EID_14096,0.17963181
EID_8384,0.18458678
EID_17105,0.17943546
EID_9929,0.18838362
EID_13267,0.18360409
EID_12954,0.17422923
EID_4464,0.0
EID_11464,0.18423364
EID_19308,0.16846243
EID_17530,0.18031637
EID_6981,0.15991402
EID_19951,0.16494654
EID_1100,0.17802045
EID_25145,0.17180414
EID_15614,0.17287388
EID_2961,0.17842658
EID_1742,0.17581382
EID_2843,0.0
EID_9549,0.18767066
EID_12832,0.18807223
EID_17914,0.20434104
EID_22832,0.0
EID_5755,0.16010705
EID_1141,0.0
EID_18954,0.18038765
EID_10824,0.1661226
EID_24478,0.16660787
EID_14916,0.16380669
EID_4434,0.1500076
EID_23650,0.19110876
EID_16556,0.17731905
EID_24656,0.16620162
EID_25965,0.17280348
EID_9279,0.17694654
EID_13802,0.0
EID_2748,0.18873255
EID_17346,0.19678281
EID_1171,0.16874032
EID_1552,0.15935655
EID_20674,0.17246161
EID_2475,0.0
EID_16714,0.1638546
EID_7857,0.17236152
EID_3294,0.17681512
EID_2280,0.14709634
EID_10203,0.18578541
EID_22162,0.0
EID_10438,0.17152251
EID_12898,0.18822168
EID_4358,0.16052632
EID_6179,0.16553408
EID_2538,0.14977992
EID_13110,0.0
EID_24585,0.1762274
EID_1006,0.1729452
EID_11632,0.18730575
EID_21011,0.17470081
EID_16869,0.19100767
EID_20564,0.17164432
EID_12996,0.19086732
EID_1503,0.18369126
EID_23053,0.0
EID_22049,0.17398548
EID_4346,0.21637803
EID_1887,0.17444785
EID_16849,0.19826996
EID_10071,0.1822544
EID_11265,0.18208641
EID_12611,0.17571358
EID_25542,0.16538073
EID_11582,0.19734332
EID_19550,0.16243048
EID_5351,0.17554756
EID_3305,0.16601719
EID_18846,0.18846379
EID_24764,0.0
EID_2191,0.17885402
EID_6314,0.0
EID_23248,0.16094306
EID_4570,0.18483846
EID_16415,0.0
EID_11002,0.0
EID_20498,0.16668819
EID_7846,0.19294664
EID_24121,0.15966053
EID_7536,0.1716235
EID_2015,0.18051559
EID_7934,0.19356754
EID_20903,0.0
EID_17535,0.18507554
EID_19760,0.16650315
EID_9550,0.18308492
EID_4261,0.17326541
EID_19753,0.0
EID_13542,0.16751692
EID_24283,0.18182108
EID_7552,0.18311872
EID_11577,0.0
EID_3228,0.1646733
EID_17468,0.0
EID_15815,0.17379762
EID_2093,0.16828963
EID_21356,0.15440653
EID_12357,0.17899333
EID_18495,0.18295455
EID_5098,0.18364118
EID_12691,0.16428408
EID_13240,0.0
EID_19312,0.18245369
EID_23914,0.18866995
EID_23175,0.0
EID_15413,0.18944877
EID_4785,0.18216725
EID_25933,0.0
EID_22705,0.194897
EID_19350,0.15594675
EID_5369,0.19345942
EID_20410,0.18531767
EID_12557,0.0
EID_17678,0.16298974
EID_1342,0.17285249
EID_12230,0.20910737
EID_1311,0.15822794
EID_5860,0.19518898
EID_4259,0.18774433
EID_10209,0.18349622
EID_2300,0.1729481
EID_17408,0.0
EID_1883,0.15652774
EID_1053,0.0
EID_23610,0.16622858
EID_17585,0.17420946
EID_20845,0.19145946
EID_15683,0.0
EID_11976,0.18971355
EID_12031,0.16611025
EID_1711,0.16815944
EID_6239,0.17228174
EID_25541,0.16627298
EID_9308,0.0
EID_18168,0.17189284
EID_11934,0.18797225
EID_23472,0.17268004
EID_13731,0.16711003
EID_16069,0.1819898
EID_18276,0.15550095
EID_6141,0.17923692
EID_12061,0.0
EID_9450,0.1549718
EID_21730,0.0
EID_19506,0.17388636
EID_13552,0.16714196
EID_9945,0.0
EID_1924,0.17314954
EID_18453,0.17409372
EID_20225,0.0
EID_18673,0.1934328
EID_11420,0.18421938
EID_16631,0.1811799
EID_21237,0.16327658
EID_5015,0.16359104
EID_20179,0.19356251
EID_12073,0.183432
EID_21147,0.15364273
EID_6714,0.149388
EID_10645,0.17960452
EID_18298,0.19488499
EID_2640,0.1850732
EID_2318,0.19667992
EID_25226,0.18190952
EID_24099,0.18803997
EID_20938,0.21694784
EID_8377,0.18982282
EID_7023,0.18201344
EID_11385,0.17902283
EID_15016,0.0
EID_25794,0.17265242
EID_11494,0.21775171
EID_2425,0.16153389
EID_9847,0.18891253
EID_3570,0.16900466
EID_13573,0.17266709
EID_13780,0.16325355
EID_2949,0.17241688
EID_19834,0.17944986
EID_11384,0.20860295
EID_23154,0.1907332
EID_9337,0.1792133
EID_3653,0.17674865
EID_4850,0.18801777
EID_16283,0.18787205
EID_5107,0.1480495
EID_25156,0.17582339
EID_17223,0.17509517
EID_14695,0.16214363
EID_11374,0.18133275
EID_13672,0.18759634
EID_6782,0.19156608
EID_25074,0.18706632
EID_21087,0.1906181
EID_13017,0.19295713
EID_9947,0.1937069
EID_21221,0.17713477
EID_21639,0.16375546
EID_20333,0.0
EID_2970,0.16938883
EID_7624,0.18099962
EID_15741,0.0
EID_1312,0.18164293
EID_19575,0.14280762
EID_21047,0.0
EID_11969,0.18630108
EID_19145,0.0
EID_9871,0.16681883
EID_18852,0.16448125
EID_22326,0.16267529
EID_7259,0.0
EID_21920,0.17759608
EID_1436,0.17781462
EID_8261,0.0
EID_23228,0.20072679
EID_5560,0.0
EID_22357,0.19683243
EID_4816,0.16437182
EID_10000,0.17656904
EID_21908,0.16204378
EID_14887,0.17471687
EID_12497,0.18002018
EID_17976,0.0
EID_17356,0.16685522
EID_9785,0.14721866
EID_16224,0.19181776
EID_6020,0.1620992
EID_20716,0.20250803
EID_11351,0.19179553
EID_20899,0.18620619
EID_9718,0.16585574
EID_9479,0.18053143
EID_25048,0.19239943
EID_23370,0.16042975
EID_13877,0.17966878
EID_12256,0.0
EID_1903,0.15434285
EID_8830,0.14425534
EID_22060,0.16845877
EID_11996,0.15479933
EID_21061,0.16193458
EID_22604,0.17835169
EID_18463,0.17582083
EID_11375,0.17684458
EID_2685,0.19072367
EID_16010,0.20529509
EID_19288,0.1709794
EID_9283,0.19128233
EID_11122,0.14859708
EID_6638,0.18831101
EID_25516,0.0
EID_3864,0.18647951
EID_9746,0.18458284
EID_8407,0.16619028
EID_25463,0.0
EID_23098,0.16859356
EID_22512,0.17020375
EID_14671,0.16485798
EID_18482,0.18142986
EID_8151,0.17773083
EID_16624,0.20166636
EID_1983,0.18447007
EID_18445,0.18603212
EID_11891,0.16900344
EID_2010,0.19410992
EID_4592,0.18562181
EID_17412,0.1978097
EID_24883,0.0
EID_15661,0.16876644
EID_11757,0.17996827
EID_2627,0.16228689
EID_13243,0.19150798
EID_10917,0.18027356
EID_4360,0.17235574
EID_13536,0.0
EID_10695,0.1815417
EID_5746,0.0
EID_1178,0.16988686
EID_15290,0.19197306
EID_3540,0.0
EID_14684,0.0
EID_7914,0.0
EID_23733,0.2006326
EID_5907,0.19506194
EID_5142,0.0
EID_7686,0.17090958
EID_12078,0.18411979
EID_4880,0.15702727
EID_1527,0.17413692
EID_15919,0.20442736
EID_1260,0.16504137
EID_22377,0.16910154
EID_7876,0.16321892
EID_1213,0.16121434
EID_4161,0.15916033
EID_3214,0.15634738
EID_17651,0.0
EID_8005,0.14907026
EID_12852,0.18603136
EID_21465,0.18721841
EID_7371,0.1887157
EID_25687,0.16057923
EID_17222,0.17706688
EID_1994,0.0
EID_22384,0.19344473
EID_6344,0.0
EID_18801,0.18947408
EID_13688,0.19962347
EID_13779,0.19394958
EID_24969,0.17408037
EID_15311,0.19903526
EID_9095,0.19980648
EID_11675,0.18161193
EID_14870,0.0
EID_1575,0.17516485
EID_7440,0.1684168
EID_24259,0.0
EID_19501,0.2009911
EID_23743,0.16478693
EID_13287,0.19845569
EID_2226,0.16419831
EID_22439,0.16501124
EID_16078,0.20011957
EID_18895,0.1734113
EID_19860,0.18003266
EID_24564,0.18509161
EID_21747,0.16167717
EID_4659,0.19816889
EID_24149,0.17675708
EID_13300,0.0
EID_16950,0.18982825
EID_23778,0.19192529
EID_14691,0.19981042
EID_10789,0.1821046
EID_5525,0.18085931
EID_19424,0.17803837
EID_6171,0.0
EID_19569,0.1814764
EID_4602,0.1836947
EID_17919,0.20192057
EID_4286,0.1691138
EID_1973,0.1631914
EID_25715,0.0
EID_23385,0.1837253
EID_13681,0.20632742
EID_25410,0.0
EID_18267,0.0
EID_15252,0.0
EID_23214,0.19572753
EID_18551,0.21749887
EID_2401,0.16532645
EID_7609,0.0
EID_21291,0.19894126
EID_10126,0.18046686
EID_19714,0.1821041
EID_4911,0.16976838
EID_12505,0.1906927
EID_10377,0.18906516
EID_3407,0.17911297
EID_3386,0.0
EID_7623,0.1784067
EID_19517,0.17512244
EID_21782,0.18937793
EID_12361,0.16963668
EID_21171,0.17642753
EID_17836,0.1848934
EID_20286,0.19298027
EID_25798,0.16152173
EID_15699,0.16458206
EID_17006,0.0
EID_22476,0.16933902
EID_9406,0.17017713
EID_13559,0.17300668
EID_1340,0.1668672
EID_17848,0.16797107
EID_20358,0.0
EID_14265,0.18972988
EID_9820,0.0
EID_13755,0.17175671
EID_13293,0.18733919
EID_25837,0.17888851
EID_20466,0.18613502
EID_11032,0.19688666
EID_2399,0.17427623
EID_23917,0.20190464
EID_17011,0.19898833
EID_8967,0.0
EID_24468,0.19082698
EID_8435,0.16489053
EID_17953,0.17665228
EID_7140,0.16949452
EID_24404,0.0
EID_14380,0.19772604
EID_1232,0.1746933
EID_1573,0.16800088
EID_3684,0.18739383
EID_15824,0.0
EID_9212,0.18972567
EID_21121,0.17840618
EID_6346,0.1748536
EID_9525,0.0
EID_9726,0.19805351
EID_2526,0.16804273
EID_4228,0.0
EID_14595,0.20138013
EID_15856,0.20377725
EID_6768,0.0
EID_23953,0.18057762
EID_19059,0.15446647
EID_5268,0.18510205
EID_7619,0.15395536
EID_23028,0.18387714
EID_22104,0.18574868
EID_10318,0.19113429
EID_25369,0.16043992
EID_16633,0.17860213
EID_15848,0.0
EID_2240,0.2090081
EID_1059,0.0
EID_9315,0.1635183
EID_15388,0.18102464
EID_9984,0.0
EID_4296,0.19246754
EID_10927,0.0
EID_25054,0.18545286
EID_1884,0.19889143
EID_21960,0.0
EID_5572,0.18420687
EID_16872,0.17593117
EID_24525,0.18792987
EID_14237,0.18748726
EID_7114,0.1952303
EID_7448,0.19053088
EID_17668,0.16806325
EID_7674,0.17366865
EID_5884,0.0
EID_13942,0.16914311
EID_13098,0.0
EID_7695,0.17250554
EID_5350,0.19721082
EID_22853,0.16457546
EID_2385,0.20404862
EID_18006,0.18906534
EID_12875,0.16489907
EID_5478,0.18333477
EID_18690,0.16822517
EID_12545,0.0
EID_13888,0.18841368
EID_9732,0.19613717
EID_18001,0.20254491
EID_17479,0.16662417
EID_23757,0.18307209
EID_1303,0.19068
EID_5375,0.16779038
EID_5869,0.16143128
EID_8825,0.19951937
EID_22567,0.17151341
EID_16273,0.16744891
EID_20618,0.18073949
EID_3608,0.0
EID_8806,0.17930368
EID_23170,0.0
EID_12243,0.0
EID_20089,0.18183725
EID_16852,0.17308617
EID_18312,0.0
EID_14010,0.19474027
EID_14705,0.19194484
EID_20956,0.16935442
EID_18794,0.1632165
EID_1629,0.18927836
EID_25483,0.1742564
EID_4542,0.20628826
EID_10076,0.20299196
EID_9469,0.17089207
EID_25284,0.19958787
EID_11972,0.0
EID_1798,0.1533659
EID_21903,0.18108566
EID_20031,0.17664428
EID_20365,0.17572106
EID_9210,0.0
EID_19750,0.19309959
EID_4006,0.16657849
EID_24922,0.0
EID_4760,0.0
EID_11035,0.1625835
EID_21008,0.17207952
EID_23731,0.0
EID_21788,0.0
EID_5428,0.1678164
EID_14023,0.21135691
EID_2937,0.17454076
EID_16931,0.16330843
EID_18299,0.18931136
EID_6660,0.0
EID_23187,0.2187378
EID_14868,0.18139592
EID_23247,0.0
EID_15971,0.0
EID_7852,0.19213451
EID_7017,0.16325498
EID_7494,0.1586532
EID_18706,0.18515003
EID_22784,0.18698347
EID_10756,0.17193544
EID_6854,0.15945484
EID_12554,0.17953992
EID_1162,0.1762374
EID_19581,0.17071299
EID_2169,0.17286676
EID_25149,0.17292653
EID_22575,0.16751619
EID_2265,0.16806366
EID_19668,0.16769354
EID_19245,0.18389292
EID_8194,0.16972229
EID_8081,0.19997534
EID_8670,0.0
EID_7992,0.18839593
EID_6596,0.17476736
EID_3699,0.0
EID_9698,0.20017345
EID_1847,0.1737706
EID_16179,0.0
EID_23663,0.1720799
EID_24287,0.0
EID_3527,0.0
EID_18652,0.0
EID_24110,0.18907827
EID_21419,0.18897934
EID_12865,0.18504088
EID_9237,0.18911576
EID_20408,0.1769294
EID_22934,0.0
EID_6492,0.16553304
EID_20285,0.1862734
EID_1286,0.16766986
EID_12542,0.18474667
EID_5523,0.18465084
EID_1979,0.1947936
EID_23146,0.1721022
EID_4773,0.0
EID_8785,0.18220143
EID_4463,0.0
EID_24028,0.16508397
EID_20920,0.0
EID_21392,0.0
EID_4079,0.16423611
EID_5173,0.0
EID_22915,0.1777184
EID_18347,0.18242398
EID_7984,0.0
EID_25148,0.20793316
EID_4350,0.0
EID_6909,0.0
EID_10582,0.1704008
EID_6248,0.18521066
EID_10035,0.17033298
EID_24603,0.21313734
EID_1794,0.17164837
EID_9407,0.17045514
EID_2114,0.1771493
EID_21125,0.1658985
EID_15046,0.19567059
EID_8058,0.0
EID_1961,0.0
EID_23324,0.182764
EID_21521,0.0
EID_11043,0.17802015
EID_6461,0.15390739
EID_10398,0.17553607
EID_20635,0.1742407
EID_22940,0.19240862
EID_8582,0.15761006
EID_12770,0.17140758
EID_15982,0.0
EID_19692,0.19254707
EID_18304,0.20681694
EID_13603,0.16785996
EID_6145,0.18581977
EID_16587,0.18700612
EID_16835,0.21046522
EID_8399,0.15907238
EID_7012,0.0
EID_20575,0.0
EID_20747,0.1638259
EID_3907,0.18809868
EID_22626,0.21129392
EID_4442,0.17321236
EID_18034,0.0
EID_16055,0.0
EID_21684,0.0
EID_17499,0.2000972
EID_1222,0.16880234
EID_17204,0.16750787
EID_22732,0.20497566
EID_8539,0.15904751
EID_23136,0.18562408
EID_24470,0.18764628
EID_17404,0.16455749
EID_21498,0.17743808
EID_19495,0.17967089
EID_23966,0.15792517
EID_1388,0.0
EID_7374,0.17401235
EID_25441,0.20510012
EID_16616,0.17429152
EID_7654,0.0
EID_4217,0.17836562
EID_9968,0.15404488
EID_17830,0.19668731
EID_12023,0.17954619
EID_24002,0.15650168
EID_11371,0.0
EID_11096,0.18811516
EID_24835,0.21158107
EID_17439,0.17429787
EID_6587,0.18628252
EID_21946,0.19560097
EID_5431,0.17085233
EID_4723,0.15839341
EID_11535,0.18380241
EID_2330,0.15461865
EID_23531,0.0
EID_8913,0.16819015
EID_21273,0.17840911
EID_11927,0.19376133
EID_1385,0.17177764
EID_15758,0.19132733
EID_1023,0.16419053
EID_8959,0.1764465
EID_12911,0.18518509
EID_15925,0.16545543
EID_17769,0.0
EID_19842,0.0
EID_15875,0.0
EID_21284,0.16120586
EID_24825,0.0
EID_23825,0.0
EID_13001,0.17461248
EID_25601,0.18909071
EID_24670,0.0
EID_24412,0.18236136
EID_18712,0.17550631
EID_21138,0.16880657
EID_19335,0.17488852
EID_16753,0.1909443
EID_24399,0.19017966
EID_12567,0.19104989
EID_22161,0.0
EID_12609,0.15434515
EID_22249,0.15675618
EID_5314,0.16091387
EID_1897,0.19654119
EID_22507,0.1546502
EID_2878,0.16869962
EID_10098,0.17054395
EID_18435,0.20591736
EID_8063,0.17267549
EID_3512,0.17147806
EID_24444,0.1850526
EID_9813,0.0
EID_25132,0.18365577
EID_5613,0.0
EID_14062,0.18963999
EID_20073,0.0
EID_12506,0.1890782
EID_1092,0.0
EID_15895,0.16612922
EID_1039,0.17585972
EID_22016,0.19545814
EID_6764,0.1828317
EID_17384,0.0
EID_8705,0.17050038
EID_14832,0.0
EID_16473,0.18891677
EID_11186,0.18305632
EID_7476,0.15456109
EID_19671,0.19217908
EID_14001,0.1728423
EID_10658,0.17739944
EID_6668,0.0
EID_13786,0.18998098
EID_11224,0.18544348
EID_13296,0.1662994
EID_22145,0.15331289
EID_6494,0.1829239
EID_1649,0.16312811
EID_20878,0.0
EID_3790,0.0
EID_9257,0.20210811
EID_14917,0.18996237
EID_22052,0.0
EID_1198,0.16229534
EID_8478,0.0
EID_2071,0.17947629
EID_1250,0.14986868
EID_9000,0.17125058
EID_17319,0.0
EID_21794,0.18796495
EID_23350,0.21180643
EID_16278,0.0
EID_3330,0.15773109
EID_12584,0.0
EID_9354,0.20660639
EID_15007,0.18220475
EID_11656,0.0
EID_22526,0.16204402
EID_11027,0.17381081
EID_21588,0.1762205
EID_13717,0.0
EID_8073,0.16421042
EID_15972,0.17929246
EID_5730,0.0
EID_23968,0.15680248
EID_4299,0.18341681
EID_6302,0.16864851
EID_6974,0.1644691
EID_4829,0.0
EID_21139,0.0
EID_23456,0.0
EID_20110,0.15549481
EID_20342,0.18915305
EID_15238,0.19360709
EID_10349,0.16688053
EID_10077,0.15674216
EID_22330,0.1752737
EID_4368,0.0
EID_8859,0.17893593
EID_24277,0.14768389
EID_1061,0.17910098
EID_5597,0.1733557
EID_4820,0.0
EID_5863,0.17948496
EID_23680,0.16437924
EID_5542,0.0
EID_6203,0.0
EID_5355,0.16737908
EID_19669,0.1911552
EID_21725,0.0
EID_2138,0.18849184
EID_24278,0.0
EID_6591,0.0
EID_21056,0.15074246
EID_18759,0.0
EID_12059,0.1930919
EID_11077,0.18668151
EID_17216,0.1951478
EID_15655,0.20121087
EID_19017,0.18271741
EID_17846,0.19151683
EID_6418,0.18724462
EID_25942,0.18534854
EID_5420,0.17991444
EID_11764,0.16794327
EID_16483,0.17455466
EID_1901,0.16095234
EID_21480,0.18731308
EID_8006,0.21932903
EID_1282,0.18409525
EID_6895,0.16961004
EID_13677,0.18228093
EID_6071,0.17779236
EID_14425,0.16833629
EID_22685,0.16789967
EID_20203,0.18359685
EID_19161,0.17074
EID_1947,0.16493998
EID_16574,0.16187264
EID_2561,0.17056958
EID_20668,0.1925384
EID_7831,0.19158733
EID_8769,0.16044769
EID_25191,0.18171558
EID_15590,0.19303316
EID_12458,0.0
EID_11406,0.0
EID_17629,0.1679686
EID_4632,0.17354722
EID_18455,0.16196226
EID_23077,0.0
EID_25024,0.19546518
EID_6269,0.17290777
EID_12100,0.16824497
EID_23190,0.17675227
EID_9030,0.18111528
EID_12359,0.1657855
EID_12041,0.17852813
EID_2019,0.0
EID_22974,0.18763688
EID_10351,0.17469694
EID_23630,0.1938251
EID_7309,0.17295657
EID_19821,0.19366679
EID_4033,0.15903151
EID_3435,0.15995727
EID_5759,0.15546715
EID_12826,0.1704755
EID_8148,0.0
EID_16088,0.16109818
EID_15783,0.18471883
EID_19521,0.1951092
EID_13016,0.0
EID_13708,0.20191225
EID_4237,0.0
EID_3620,0.0
EID_10042,0.1654638
EID_8833,0.1529698
EID_21028,0.18341886
EID_3485,0.1581277
EID_23372,0.19374226
EID_19410,0.18485409
EID_6598,0.18043381
EID_25371,0.2081666
EID_19483,0.16331832
EID_22826,0.1667168
EID_23606,0.0
EID_9346,0.187474
EID_1608,0.17228696
EID_1603,0.17639862
EID_23041,0.18452224
EID_7801,0.17754427
EID_22456,0.0
EID_24428,0.1858431
EID_10811,0.1821982
EID_24566,0.19636759
EID_2531,0.1772792
EID_10878,0.17066036
EID_19548,0.0
EID_11988,0.19540794
EID_11378,0.20933318
EID_9896,0.19580312
EID_17323,0.18402043
EID_24976,0.17273608
EID_11249,0.0
EID_20395,0.0
EID_18262,0.15780383
EID_14670,0.0
EID_12880,0.18129389
EID_1406,0.17701182
EID_23014,0.19007362
EID_5224,0.18677513
EID_3232,0.0
EID_22327,0.0
EID_2285,0.20046842
EID_20468,0.19019909
EID_4443,0.17318289
EID_15641,0.16727455
EID_8106,0.19717494
EID_13958,0.16149095
EID_10214,0.20391624
EID_17739,0.1762942
EID_13347,0.1650234
EID_23453,0.16401999
EID_1477,0.0
EID_20224,0.14223826
EID_2362,0.0
EID_21421,0.0
EID_7860,0.0
EID_10286,0.15844594
EID_7184,0.17844015
EID_21742,0.17937173
EID_21610,0.0
EID_19375,0.18487155
EID_18564,0.19607158
EID_19108,0.0
EID_17928,0.17766874
EID_25613,0.17664836
EID_23787,0.15525126
EID_2392,0.0
EID_7574,0.18606196
EID_9810,0.17212623
EID_14332,0.21720754
EID_20937,0.0
EID_7827,0.0
EID_7457,0.18508574
EID_11152,0.16415112
EID_12917,0.1542088
EID_18590,0.18849006
EID_15327,0.19073436
EID_11687,0.0
EID_5179,0.16045012
EID_5623,0.17060499
EID_25331,0.18290691
EID_24386,0.19321366
EID_6507,0.18239318
EID_7842,0.0
EID_12018,0.0
EID_6640,0.18864618
EID_9872,0.18204144
EID_2331,0.20871168
EID_19685,0.18122438
EID_25701,0.2061098
EID_25681,0.18761438
EID_20151,0.17432646
EID_8980,0.19355409
EID_12719,0.17532969
EID_20075,0.17957607
EID_14984,0.16069144
EID_8177,0.16608818
EID_1360,0.19953677
EID_24812,0.20722619
EID_8480,0.17745383
EID_14567,0.0
EID_16194,0.0
EID_10020,0.18723708
EID_7321,0.16718796
EID_15387,0.19559395
EID_19419,0.17028525
EID_20496,0.19139671
EID_1308,0.16165882
EID_14770,0.16274108
EID_21893,0.0
EID_10990,0.17638943
EID_17521,0.0
EID_15274,0.0
EID_24001,0.18041678
EID_4111,0.17798749
EID_4284,0.17073818
EID_19682,0.18622687
EID_14871,0.19467825
EID_18152,0.0
EID_12520,0.16836166
EID_4739,0.1833191
EID_8424,0.17373388
EID_23600,0.17503844
EID_25891,0.19261476
EID_11618,0.0
EID_12674,0.19783613
EID_5999,0.1793997
EID_18063,0.15577228
EID_14859,0.17628051
EID_20353,0.16119604
EID_22962,0.16634047
EID_19650,0.14502916
EID_6108,0.17959289
EID_19012,0.20742445
EID_22925,0.17301881
EID_15619,0.18789858
EID_19998,0.19458777
EID_20052,0.18233022
EID_25044,0.19308217
EID_5422,0.18027948
EID_15354,0.20401944
EID_3804,0.16571923
EID_23277,0.15829387
EID_12336,0.1877467
EID_24839,0.15702659
EID_1651,0.0
EID_24355,0.16108415
EID_24276,0.19539157
EID_10346,0.16724102
EID_9579,0.17497328
EID_23242,0.18315683
EID_23541,0.0
EID_14741,0.14373185
EID_7783,0.1768456
EID_12569,0.20341876
EID_3834,0.1802613
EID_6799,0.0
EID_15609,0.18646878
EID_5496,0.17424765
EID_5080,0.0
EID_14834,0.0
EID_18266,0.1898599
EID_1182,0.0
EID_6445,0.0
EID_18656,0.178125
EID_24011,0.0
EID_25093,0.19301525
EID_11334,0.1780809
EID_15785,0.16624896
EID_8060,0.15577349
EID_4349,0.19362876
EID_22525,0.17756747
EID_1231,0.18424444
EID_2127,0.15491784
EID_4047,0.16088967
EID_12989,0.17885853
EID_17726,0.19738914
EID_1602,0.0
EID_5945,0.15829322
EID_15166,0.19120102
EID_25317,0.17613125
EID_18848,0.0
EID_14455,0.18255048
EID_9724,0.0
EID_22697,0.18063132
EID_16505,0.17659664
EID_11616,0.16348165
EID_10352,0.20132278
EID_24093,0.16327442
EID_11826,0.0
EID_24211,0.19255973
EID_14709,0.19987088
EID_18747,0.1747355
EID_16077,0.0
EID_15440,0.17535704
EID_4935,0.15843876
EID_13791,0.0
EID_16876,0.1779228
EID_1335,0.16849902
EID_19086,0.190431
EID_12872,0.0
EID_11623,0.1697179
EID_7807,0.19965056
EID_9605,0.19203864
EID_12736,0.19696382
EID_20565,0.18024808
EID_17225,0.0
EID_19974,0.16854687
EID_16045,0.0
EID_2082,0.0
EID_22219,0.18008928
EID_19439,0.0
EID_2979,0.0
EID_24414,0.0
EID_15148,0.0
EID_10690,0.1894025
EID_16346,0.19004798
EID_22752,0.1946128
EID_21746,0.0
EID_1705,0.16494495
EID_7498,0.1833173
EID_6874,0.17649339
EID_4543,0.18544742
EID_8931,0.167528
EID_16435,0.1968348
EID_16767,0.19418271
EID_3058,0.1743665
EID_16381,0.17804605
EID_17190,0.16404831
EID_7079,0.0
EID_10191,0.0
EID_1378,0.17372301
EID_20222,0.17944978
EID_6156,0.0
EID_5975,0.16497901
EID_18682,0.16305149
EID_8837,0.17530116
EID_24686,0.19060135
EID_9869,0.20125632
EID_14673,0.0
EID_14443,0.16260421
EID_21591,0.17121129
EID_25240,0.1748182
EID_18365,0.1954785
EID_9260,0.20524563
EID_10696,0.17577204
EID_18012,0.1901464
EID_17421,0.21482055
EID_23615,0.18041515
EID_14132,0.18562478
EID_13168,0.16679795
EID_16973,0.17270344
EID_13426,0.0
EID_1493,0.16186154
EID_3994,0.0
EID_10574,0.16795799
EID_12394,0.17722186
EID_4781,0.17705977
EID_24911,0.19812526
EID_3205,0.1780262
EID_25568,0.17121893
EID_4343,0.18072046
EID_4330,0.1906863
EID_12518,0.18662074
EID_18426,0.1770473
EID_3862,0.0
EID_13478,0.19490173
EID_5607,0.16507372
EID_22353,0.16777948
EID_18346,0.16266243
EID_5978,0.18820554
EID_3391,0.15758093
EID_8525,0.1796293
EID_5245,0.15210405
EID_11791,0.19002037
EID_22913,0.16895442
EID_15587,0.19123152
EID_4851,0.19062833
EID_3432,0.15725666
EID_13090,0.142842
EID_15117,0.20231049
EID_22004,0.16912267
EID_16053,0.18349367
EID_16458,0.19121733
EID_8021,0.17636333
EID_24385,0.18971314
EID_7053,0.182989
EID_13544,0.15390387
EID_9014,0.17574812
EID_9246,0.18161173
EID_15642,0.17672528
EID_12295,0.0
EID_7925,0.20378673
EID_18473,0.15947422
EID_19427,0.14815368
EID_17027,0.17610125
EID_22093,0.17506091
EID_25611,0.17210078
EID_20490,0.1977915
EID_4204,0.0
EID_2604,0.0
EID_16152,0.20953639
EID_8563,0.19389063
EID_18620,0.18312833
EID_11012,0.19302645
EID_19598,0.16636442
EID_13159,0.0
EID_13171,0.17210306
EID_8374,0.0
EID_9838,0.19506557
EID_18489,0.0
EID_17451,0.18301976
EID_7269,0.19754729
EID_20548,0.16543116
EID_9466,0.1609962
EID_16085,0.19843055
EID_24082,0.18827511
EID_5078,0.17435454
EID_23951,0.17226063
EID_8327,0.0
EID_5904,0.19718644
EID_11085,0.0
EID_21437,0.18331984
EID_7471,0.19331269
EID_12046,0.0
EID_18653,0.17542753
EID_14175,0.18842044
EID_5514,0.17825194
EID_20148,0.0
EID_14260,0.18802223
EID_15574,0.0
EID_7287,0.18445472
EID_18889,0.19586582
EID_13106,0.17230459
EID_15448,0.19656332
EID_25897,0.1895993
EID_23758,0.18182284
EID_23208,0.0
EID_13646,0.16375539
EID_5467,0.17761141
EID_6022,0.15430972
EID_10923,0.16414946
EID_10408,0.1925143
EID_4186,0.15235594
EID_22022,0.15747805
EID_16390,0.0
EID_19493,0.18530527
EID_12519,0.0
EID_23549,0.0
EID_17612,0.17788555
EID_25007,0.0
EID_1949,0.17324027
EID_23313,0.18665242
EID_22516,0.0
EID_21836,0.15122774
EID_7268,0.1870138
EID_8202,0.18480402
EID_6613,0.20307487
EID_2596,0.14093909
EID_19849,0.16752465
EID_11546,0.20206559
EID_3942,0.1701533
EID_7899,0.1902196
EID_4802,0.18224442
EID_6725,0.17665458
EID_3835,0.0
EID_9511,0.0
EID_5757,0.0
EID_24838,0.18782932
EID_15225,0.19949102
EID_8238,0.15650395
EID_2826,0.0
EID_20774,0.0
EID_19311,0.0
EID_12339,0.0
EID_1583,0.0
EID_1033,0.1779896
EID_10764,0.20442219
EID_17203,0.0
EID_1345,0.15564905
EID_4951,0.0
EID_16956,0.17722142
EID_9203,0.1987512
EID_7021,0.1684298
EID_8707,0.16676582
EID_5209,0.15994424
EID_20428,0.0
EID_10913,0.18931791
EID_11507,0.18853061
EID_3693,0.1818471
EID_22857,0.17455807
EID_18744,0.17175584
EID_19600,0.17900902
EID_21336,0.0
EID_17676,0.0
EID_1678,0.17338507
EID_4889,0.16262731
EID_9961,0.1979864
EID_23386,0.18120459
EID_19835,0.17813367
EID_9519,0.18339694
EID_5449,0.19161923
EID_20640,0.15296541
EID_16387,0.0
EID_20293,0.16848578
EID_2296,0.16926433
EID_11827,0.1540369
EID_21522,0.19000041
EID_2767,0.16401899
EID_2873,0.19241041
EID_2603,0.0
EID_2674,0.16944811
EID_23682,0.18125296
EID_13310,0.19389845
EID_6523,0.0
EID_13056,0.19542818
EID_7244,0.17717808
EID_1072,0.0
EID_25833,0.18569824
EID_11244,0.1833749
EID_22918,0.0
EID_16735,0.19180176
EID_4201,0.18862665
EID_5998,0.18094975
EID_19254,0.17484687
EID_16653,0.0
EID_11729,0.17880644
EID_19573,0.0
EID_21463,0.0
EID_5899,0.17579822
EID_23613,0.0
EID_8609,0.16183445
EID_2660,0.16828735
EID_1333,0.16836557
EID_3212,0.17786652
EID_7830,0.18542792
EID_4372,0.18472168
EID_15955,0.18557422
EID_22059,0.17137054
EID_22804,0.17153364
EID_4700,0.17131653
EID_14401,0.19468682
EID_19971,0.1925416
EID_10684,0.17378178
EID_21512,0.15774724
EID_16722,0.17614345
EID_16012,0.1678611
EID_19093,0.1914314
EID_25636,0.19849624
EID_10567,0.1975749
EID_11601,0.20698848
EID_25697,0.0
EID_22131,0.18517767
EID_8511,0.17823596
EID_18114,0.19746138
EID_12784,0.17493893
EID_12820,0.17291367
EID_4512,0.1657501
EID_5837,0.0
EID_12564,0.17143796
EID_16737,0.18925792
EID_25986,0.0
EID_8729,0.17247656
EID_4386,0.0
EID_5223,0.18621284
EID_1494,0.1827795
EID_22699,0.0
EID_1083,0.0
EID_1329,0.0
EID_3550,0.15704699
EID_18845,0.20334454
EID_17946,0.19260009
EID_1712,0.0
EID_12024,0.17258373
EID_2974,0.0
EID_12806,0.17653942
EID_10396,0.16863099
EID_3998,0.16300157
EID_22451,0.15799181
EID_12242,0.15658605
EID_18599,0.0
EID_9423,0.16131178
EID_25347,0.14587569
EID_20183,0.1999472
EID_18079,0.19604394
EID_10059,0.16011728
EID_1322,0.17658783
EID_18109,0.18274105
EID_7325,0.18016121
EID_6000,0.19153377
EID_10760,0.0
EID_24380,0.16011234
EID_7070,0.17840496
EID_2796,0.18388417
EID_18860,0.18998745
EID_13597,0.17406917
EID_6858,0.1796283
EID_14987,0.19204526
EID_8902,0.18303846
EID_9453,0.0
EID_20605,0.0
EID_16020,0.0
EID_6335,0.18268262
EID_1317,0.17744268
EID_5575,0.1688982
EID_17433,0.0
EID_6238,0.16640215
EID_10734,0.17519642
EID_7661,0.16952647
EID_9281,0.14951843
EID_19259,0.19631827
EID_9544,0.17241481
EID_2572,0.18562673
EID_12706,0.16804434
EID_20500,0.1703769
EID_19258,0.1896214
EID_15915,0.19285208
EID_25265,0.19595079
EID_16567,0.19973336
EID_19553,0.18387806
EID_25403,0.21176976
EID_10354,0.18298614
EID_19522,0.18904214
EID_20132,0.0
EID_3363,0.17283963
EID_15253,0.17646547
EID_8368,0.17195621
EID_3883,0.18923265
EID_7323,0.0
EID_16203,0.20005023
EID_9080,0.0
EID_12266,0.18892626
EID_13777,0.0
EID_24876,0.1776366
EID_11961,0.20124146
EID_25871,0.0
EID_3563,0.15876308
EID_3377,0.0
EID_19924,0.18176737
EID_4070,0.17656314
EID_7727,0.18314403
EID_2253,0.18863028
EID_5056,0.18219063
EID_16751,0.18592569
EID_2105,0.15544118
EID_14078,0.18418619
EID_18779,0.20296158
EID_2218,0.0
EID_6130,0.1739549
EID_21722,0.17364821
EID_17748,0.0
EID_21322,0.186947
EID_6016,0.17363283
EID_20480,0.18789542
EID_18843,0.1982326
EID_7336,0.17555471
EID_4455,0.17689744
EID_15206,0.0
EID_15582,0.18498911
EID_22381,0.16870579
EID_22606,0.17671932
EID_12159,0.16588457
EID_10027,0.17777342
EID_4107,0.0
EID_18932,0.17776754
EID_1321,0.17094013
EID_7759,0.14442216
EID_21961,0.0
EID_15289,0.0
EID_23069,0.17747037
EID_17187,0.21035874
EID_25372,0.0
EID_9787,0.18203418
EID_9797,0.21082723
EID_10831,0.18858078
EID_24620,0.19602624
EID_8715,0.19214943
EID_13459,0.1797804
EID_14031,0.0
EID_14541,0.1941211
EID_12395,0.18031013
EID_7150,0.18474212
EID_14422,0.18091828
EID_19060,0.19538651
EID_9338,0.16505204
EID_21042,0.19585961
EID_8011,0.16005413
EID_8102,0.17601797
EID_11068,0.19537944
EID_15461,0.0
EID_18509,0.18964842
EID_5796,0.18849406
EID_19905,0.1762233
EID_21609,0.18994093
EID_14873,0.1712319
EID_8033,0.17197633
EID_21354,0.16660056
EID_16377,0.0
EID_10566,0.18191287
EID_4791,0.17884924
EID_20944,0.17823267
EID_24913,0.18542
EID_3868,0.15529872
EID_10611,0.0
EID_21702,0.20046829
EID_9472,0.16207398
EID_10746,0.17407052
EID_17717,0.18602562
EID_18535,0.17474784
EID_23706,0.1562057
EID_7039,0.0
EID_23797,0.0
EID_1574,0.1685223
EID_5931,0.18038733
EID_6468,0.19961649
EID_15805,0.0
EID_2988,0.18041633
EID_21966,0.0
EID_16571,0.17885901
EID_10082,0.17042014
EID_8359,0.17336287
EID_3200,0.18138424
EID_2206,0.0
EID_14234,0.0
EID_12498,0.19259539
EID_12009,0.18999994
EID_12486,0.16035968
EID_2679,0.19476782
EID_25329,0.1559741
EID_18268,0.18272021
EID_18253,0.17709956
EID_11915,0.0
EID_2503,0.16295089
EID_22110,0.19084017
EID_9344,0.19499533
EID_17568,0.17119198
EID_1445,0.0
EID_12971,0.19197258
EID_14129,0.15074533
EID_22888,0.18535252
EID_17510,0.18046387
EID_11722,0.19135627
EID_18542,0.1749348
EID_13158,0.0
EID_2810,0.17126137
EID_16559,0.1853018
EID_1124,0.16513613
EID_2137,0.15248561
EID_13145,0.0
EID_14181,0.18246299
EID_24695,0.0
EID_21367,0.18970087
EID_13213,0.16563411
EID_15852,0.16813771
EID_9531,0.0
EID_6197,0.17689516
EID_20012,0.17187935
EID_10381,0.20992543
EID_9136,0.18472931
EID_12063,0.15066637
EID_22318,0.0
EID_24047,0.0
EID_5834,0.19635677
EID_4763,0.1528657
EID_24096,0.18215576
EID_13825,0.0
EID_14326,0.1985887
EID_10111,0.15083458
EID_23362,0.16323799
EID_8682,0.0
EID_18727,0.15484747
EID_20725,0.17403707
EID_15976,0.0
EID_17626,0.18082371
EID_13302,0.0
EID_11333,0.17719932
EID_12305,0.18647718
EID_4987,0.18006322
EID_12132,0.17876892
EID_14163,0.17084168
EID_15666,0.19238725
EID_19257,0.17295067
EID_1591,0.1592611
EID_5610,0.16881354
EID_4835,0.18037447
EID_5060,0.19562158
EID_15897,0.0
EID_9771,0.20392464
EID_11486,0.17396426
EID_14583,0.18888393
EID_17832,0.17062828
EID_6876,0.19717798
EID_18560,0.20196338
EID_1091,0.17842957
EID_3837,0.16380203
EID_8508,0.18160719
EID_23640,0.17968611
EID_13280,0.18009616
EID_3352,0.18595253
EID_13404,0.16901144
EID_23565,0.0
EID_24526,0.18010087
EID_9254,0.0
EID_8916,0.0
EID_15227,0.18563567
EID_11672,0.18597785
EID_8926,0.16200349
EID_25125,0.18155986
EID_3170,0.17331396
EID_24612,0.18032715
EID_23932,0.17767532
EID_11554,0.16846746
EID_19854,0.17868349
EID_16362,0.2158739
EID_13195,0.19618726
EID_25559,0.0
EID_18526,0.17216484
EID_23226,0.18056366
EID_5873,0.19179761
EID_11286,0.18338633
EID_7573,0.18233979
EID_11669,0.19077939
EID_12639,0.0
EID_12309,0.0
EID_17566,0.17846513
EID_3644,0.0
EID_9921,0.20067114
EID_14703,0.19766058
EID_19366,0.1924041
EID_12449,0.19762331
EID_24591,0.17959039
EID_4698,0.1637495
EID_17657,0.17045079
EID_24446,0.20753495
EID_18528,0.19059639
EID_8868,0.0
EID_5820,0.17697383
EID_24215,0.17395346
EID_19176,0.18636027
EID_6578,0.17225279
EID_9672,0.17690682
EID_10702,0.16704302
EID_4741,0.0
EID_24067,0.1628227
EID_2416,0.18097514
EID_12089,0.18129848
EID_8392,0.0
EID_16766,0.18762216
EID_23137,0.0
EID_24704,0.17286181
EID_13184,0.0
EID_21642,0.16869566
EID_8050,0.16798617
EID_20432,0.16281903
EID_14456,0.0
EID_7769,0.17342854
EID_14077,0.0
EID_17805,0.0
EID_14927,0.16536763
EID_7995,0.0
EID_2297,0.17122076
EID_7960,0.17624237
EID_9481,0.18667917
EID_2781,0.17219101
EID_25571,0.19160889
EID_12462,0.23298831
EID_17761,0.18801254
EID_22310,0.18613449
EID_15161,0.0
EID_3361,0.16299969
EID_2166,0.19150876
EID_1515,0.0
EID_13787,0.1745127
EID_23496,0.18367983
EID_7820,0.0
EID_14433,0.21286957
EID_9405,0.19266163
EID_4195,0.1874122
EID_24190,0.16965544
EID_20400,0.17890687
EID_16111,0.18246599
EID_5502,0.18413825
EID_17381,0.16556174
EID_22435,0.17424148
EID_3060,0.19252215
EID_19197,0.17469172
EID_13311,0.0
EID_14282,0.173847
EID_5849,0.16531867
EID_19845,0.17533337
EID_6965,0.1778466
EID_5048,0.0
EID_13766,0.16370034
EID_22269,0.16653876
EID_4363,0.17290324
EID_12215,0.19165196
EID_14479,0.18253183
EID_7348,0.0
EID_25664,0.18317991
EID_4940,0.18189874
EID_6877,0.16904591
EID_8337,0.2013252
EID_1775,0.0
EID_13938,0.0
EID_12735,0.16564596
EID_16138,0.1918712
EID_18586,0.18575749
EID_16650,0.0
EID_18259,0.1686615
EID_19144,0.18071571
EID_4483,0.1728479
EID_10929,0.18329321
EID_19882,0.17361516
EID_3779,0.0
EID_18678,0.1723645
EID_7168,0.1786968
EID_23279,0.17578304
EID_17008,0.1551762
EID_2795,0.0
EID_1833,0.0
EID_21026,0.167207
EID_20322,0.0
EID_10026,0.16268268
EID_7742,0.20255354
EID_21792,0.18273866
EID_14341,0.20484763
EID_24634,0.0
EID_3379,0.0
EID_20627,0.19019586
EID_8572,0.18335935
EID_15104,0.0
EID_12426,0.17137933
EID_17588,0.18330933
EID_20961,0.16442753
EID_23260,0.18489797
EID_7213,0.17342037
EID_11851,0.18254092
EID_5696,0.1523194
EID_23011,0.17695487
EID_2035,0.15547408
EID_22461,0.1756402
EID_23215,0.0
EID_6913,0.1799095
EID_5739,0.16863835
EID_19814,0.17582081
EID_20320,0.16118798
EID_2043,0.17784517
EID_21992,0.1632768
EID_9324,0.16556337
EID_3863,0.0
EID_7513,0.20729432
EID_11120,0.17893732
EID_6548,0.20507745
EID_23957,0.0
EID_11408,0.0
EID_24638,0.17234954
EID_3908,0.17758586
EID_17023,0.15097715
EID_10902,0.16758272
EID_3543,0.18953198
EID_3633,0.16203499
EID_3394,0.0
EID_8619,0.1762246
EID_13424,0.17869364
EID_15405,0.17916779
EID_21727,0.18390583
EID_18916,0.18812841
EID_3335,0.19370271
EID_2811,0.0
EID_8620,0.17705482
EID_3249,0.16098082
EID_22140,0.0
EID_18934,0.0
EID_24271,0.18836524
EID_2164,0.0
EID_22961,0.19271055
EID_25318,0.1568611
EID_23064,0.18758005
EID_1056,0.15091273
EID_4389,0.0
EID_6949,0.14468747
EID_16133,0.18365154
EID_8023,0.20027818
EID_19426,0.17092142
EID_12895,0.16396467
EID_17667,0.20373985
EID_14826,0.18647255
EID_8807,0.18161155
EID_13977,0.0
EID_11167,0.0
EID_22535,0.0
EID_5357,0.0
EID_1450,0.19020478
EID_24647,0.1895131
EID_1516,0.0
EID_10122,0.17394252
EID_2423,0.19963497
EID_4276,0.17096214
EID_10610,0.18077901
EID_5840,0.16436419
EID_19117,0.19321473
EID_1753,0.1693944
EID_11679,0.18894595
EID_12425,0.17052042
EID_21118,0.1583701
EID_1348,0.0
EID_3143,0.15250368
EID_12153,0.0
EID_22834,0.19362785
EID_14978,0.17865884
EID_23361,0.2063469
EID_5207,0.16920179
EID_8395,0.17812952
EID_2440,0.18260576
EID_14196,0.21226308
EID_16684,0.18936366
EID_22520,0.18896031
EID_14689,0.1785507
EID_22890,0.18901528
EID_18695,0.0
EID_1275,0.16381636
EID_6033,0.0
EID_25616,0.1650648
EID_6190,0.17385317
EID_2964,0.19260897
EID_24869,0.17234908
EID_3319,0.19495852
EID_15857,0.0
EID_4615,0.15494631
EID_23926,0.17134146
EID_15506,0.17815767
EID_4168,0.1560403
EID_23593,0.18709192
EID_3108,0.15870138
EID_22846,0.17039378
EID_12618,0.17818609
EID_20341,0.18320769
EID_15441,0.20686314
EID_20278,0.17945303
EID_19511,0.17844114
EID_7832,0.15797468
EID_7775,0.0
EID_9409,0.0
EID_11483,0.179037
EID_6657,0.0
EID_10338,0.18539171
EID_7683,0.18885599
EID_11854,0.19518644
EID_17102,0.17873946
EID_9882,0.19058475
EID_19326,0.0
EID_1670,0.16762748
EID_17455,0.19968167
EID_24867,0.17887871
EID_22972,0.17682509
EID_4679,0.0
EID_7172,0.20768565
EID_7401,0.19640055
EID_13199,0.0
EID_12244,0.19515215
EID_12771,0.0
EID_7230,0.18036985
EID_19736,0.21193792
EID_2755,0.1718182
EID_19126,0.18696037
EID_20949,0.0
EID_4573,0.17763205
EID_23671,0.1682179
EID_11580,0.17677315
EID_15600,0.16534084
EID_17577,0.17727904
EID_6773,0.16224279
EID_9565,0.15816645
EID_13401,0.18124774
EID_17438,0.19106603
EID_7604,0.16900232
EID_1215,0.0
EID_24765,0.18099013
EID_2084,0.18884954
EID_17898,0.0
EID_9752,0.0
EID_19867,0.0
EID_5430,0.15721786
EID_22617,0.17528063
EID_23590,0.16452594
EID_11131,0.0
EID_1623,0.17288145
EID_25390,0.1843648
EID_23316,0.19029745
EID_11595,0.18152206
EID_10827,0.0
EID_14787,0.17933099
EID_18290,0.0
EID_17889,0.18116514
EID_7936,0.15688434
EID_12044,0.20304984
EID_8205,0.16999693
EID_22950,0.17393082
EID_4965,0.0
EID_24073,0.0
EID_4946,0.0
EID_14618,0.17015049
EID_17692,0.0
EID_23220,0.0
EID_24364,0.0
EID_20216,0.16251388
EID_24865,0.1746316
EID_11009,0.19201174
EID_6889,0.0
EID_10375,0.16885625
EID_11917,0.19622764
EID_25323,0.17110153
EID_21841,0.19863784
EID_25278,0.16819452
EID_17857,0.17826357
EID_2991,0.0
EID_23822,0.16490999
EID_12098,0.1822974
EID_14665,0.20007244
EID_25373,0.19188952
EID_22143,0.17420024
EID_4000,0.0
EID_2951,0.16881885
EID_8610,0.19619694
EID_6998,0.18900892
EID_21972,0.19621602
EID_3582,0.1655199
EID_18220,0.17842261
EID_12381,0.18291806
EID_15689,0.17516854
EID_12239,0.2098737
EID_3987,0.1835539
EID_20164,0.18585455
EID_1654,0.18717614
EID_25583,0.17665634
EID_22736,0.1875925
EID_22169,0.18549944
EID_9495,0.0
EID_2465,0.0
EID_1659,0.18521577
EID_4509,0.16471669
EID_15264,0.0
EID_9494,0.17140843
EID_23657,0.1960891
EID_10376,0.17291018
EID_25277,0.0
EID_15121,0.19052005
EID_14760,0.18871197
EID_9160,0.19445162
EID_18574,0.17477706
EID_2977,0.18284404
EID_4745,0.0
EID_6762,0.18013638
EID_2682,0.18095341
EID_19172,0.21504985
EID_1013,0.17651145
EID_1242,0.16785012
EID_10336,0.1715848
EID_11247,0.0
EID_4631,0.16709149
EID_21660,0.0
EID_6752,0.1911419
EID_14409,0.17727363
EID_21720,0.18163107
EID_14495,0.0
EID_15348,0.18656605
EID_9610,0.17817204
EID_10629,0.0
EID_10182,0.17594492
EID_10598,0.0
EID_11065,0.1841712
EID_16129,0.16527258
EID_15572,0.18542242
EID_21059,0.18448037
EID_7812,0.18316808
EID_15162,0.18787003
EID_6911,0.0
EID_17591,0.16392182
EID_22638,0.17549458
EID_3217,0.17006226
EID_10116,0.1623256
EID_23199,0.16637102
EID_18844,0.18972717
EID_19931,0.0
EID_22215,0.18835333
EID_14623,0.0
EID_7884,0.0
EID_3197,0.0
EID_11291,0.18955228
EID_3320,0.17610502
EID_12585,0.17792286
EID_13592,0.21321487
EID_11264,0.0
EID_6997,0.1859911
EID_2327,0.17523828
EID_9340,0.16854435
EID_14544,0.18474409
EID_13055,0.0
EID_14014,0.18606701
EID_7429,0.18122023
EID_19008,0.17321454
EID_14283,0.21209717
EID_10882,0.18996674
EID_5194,0.20208691
EID_23844,0.1985246
EID_22628,0.18271412
EID_10033,0.18371047
EID_13281,0.19455731
EID_23871,0.0
EID_3621,0.17392926
EID_12968,0.18515843
EID_5819,0.1613106
EID_6694,0.0
EID_17656,0.0
EID_8888,0.0
EID_14552,0.17299531
EID_15342,0.0
EID_7728,0.18211614
EID_10331,0.19716793
EID_5479,0.0
EID_25526,0.0
EID_12348,0.19012606
EID_6196,0.16518019
EID_3619,0.17574936
EID_11280,0.16911778
EID_18119,0.0
EID_18058,0.22158736
EID_20911,0.0
EID_19840,0.19390662
EID_11808,0.19487216
EID_16265,0.16404662
EID_25976,0.15218729
EID_3872,0.0
EID_23029,0.1518332
EID_11745,0.0
EID_9556,0.0
EID_19748,0.19333413
EID_23253,0.0
EID_16237,0.17964464
EID_11694,0.17114042
EID_12824,0.17353214
EID_12797,0.15015349
EID_3524,0.14628454
EID_10559,0.0
EID_22844,0.18207803
EID_22281,0.17423022
EID_9535,0.19261058
EID_1642,0.18019271
EID_17630,0.18113038
EID_15083,0.0
EID_2690,0.18352856
EID_12199,0.17435579
EID_3449,0.19908921
EID_12097,0.20031965
EID_23272,0.18575558
EID_6890,0.0
EID_2438,0.0
EID_6508,0.18208794
EID_10772,0.17533296
EID_6076,0.16901484
EID_3045,0.0
EID_24779,0.16207871
EID_12553,0.21378973
EID_24984,0.17155075
EID_17157,0.19341826
EID_11823,0.18198858
EID_4765,0.17401257
EID_16143,0.16512789
EID_19658,0.0
EID_12035,0.16717982
EID_3481,0.18791571
EID_12776,0.20133495
EID_21160,0.16307306
EID_11127,0.0
EID_11784,0.16852821
EID_17458,0.0
EID_15653,0.15882695
EID_25399,0.16476679
EID_8799,0.19773966
EID_14529,0.0
EID_19407,0.0
EID_8224,0.19049434
EID_21582,0.18533824
EID_14807,0.0
EID_17338,0.19838375
EID_10635,0.17625034
EID_16300,0.19208954
EID_5155,0.0
EID_11136,0.17358355
EID_7716,0.19129366
EID_13041,0.0
EID_1572,0.0
EID_2382,0.15635017
EID_4568,0.0
EID_25153,0.19311683
EID_20523,0.20015165
EID_2332,0.18968473
EID_6143,0.15229195
EID_19549,0.18922347
EID_24568,0.0
EID_23211,0.16860464
EID_2342,0.0
EID_2922,0.1548827
EID_6026,0.19406013
EID_10107,0.0
EID_14855,0.16429158
EID_18780,0.1832588
EID_10578,0.0
EID_3842,0.17751439
EID_10225,0.0
EID_15275,0.19420078
EID_10740,0.17554484
EID_9483,0.18590915
EID_11262,0.0
EID_24388,0.20344266
EID_19271,0.20402579
EID_15363,0.0
EID_16555,0.1755735
EID_7387,0.19331269
EID_2692,0.15349503
EID_19754,0.0
EID_10859,0.16577554
EID_16618,0.17401738
EID_1697,0.14180295
EID_3764,0.16019467
EID_4502,0.0
EID_19240,0.17624933
EID_22590,0.17695847
EID_14056,0.20498478
EID_20697,0.18131837
EID_2505,0.15734687
EID_23288,0.0
EID_23373,0.15306927
EID_18878,0.0
EID_11857,0.15541767
EID_25945,0.15602562
EID_18242,0.20153734
EID_22823,0.15359113
EID_5625,0.0
EID_6702,0.17694749
EID_24252,0.0
EID_12704,0.0
EID_1770,0.17524958
EID_10159,0.0
EID_3702,0.0
EID_2688,0.20257068
EID_19784,0.17041934
EID_3636,0.16592206
EID_14537,0.0
EID_4878,0.16638649
EID_10260,0.18165037
EID_5154,0.0
EID_21206,0.15150055
EID_15511,0.1910937
EID_8010,0.0
EID_6249,0.18173558
EID_7392,0.1592037
EID_18362,0.18222007
EID_14147,0.19385159
EID_24826,0.17388351
EID_10862,0.18737593
EID_3088,0.0
EID_2871,0.1919769
EID_22681,0.15802616
EID_3720,0.17303525
EID_21540,0.17948614
EID_3516,0.0
EID_10969,0.19774385
EID_11396,0.21321175
EID_11407,0.0
EID_19264,0.20141545
EID_12406,0.16167721
EID_19440,0.0
EID_22729,0.18119353
EID_21143,0.19024278
EID_19936,0.18776286
EID_13997,0.17669393
EID_15533,0.17205663
EID_22065,0.20031203
EID_6600,0.0
EID_15316,0.21306966
EID_10721,0.18621106
EID_20630,0.0
EID_17720,0.0
EID_7692,0.18590653
EID_25004,0.16654195
EID_1804,0.18459669
EID_25207,0.19247077
EID_7638,0.16337118
EID_8179,0.18949774
EID_23406,0.20018241
EID_19285,0.15289809
EID_15333,0.0
EID_9685,0.0
EID_15725,0.18665847
EID_8302,0.19484188
EID_10726,0.20259929
EID_6168,0.1697979
EID_16711,0.0
EID_24881,0.0
EID_15281,0.17393328
EID_17428,0.18526238
EID_2814,0.15672697
EID_8717,0.17581674
EID_4395,0.19524968
EID_22871,0.16950604
EID_22152,0.18586004
EID_23649,0.14379594
EID_24748,0.17905977
EID_25426,0.0
EID_13986,0.0
EID_19704,0.16780055
EID_15554,0.15078449
EID_23100,0.17353421
EID_25408,0.18812439
EID_15870,0.0
EID_4048,0.19851321
EID_12712,0.19391273
EID_1937,0.16697651
EID_14246,0.19121356
EID_2569,0.17961746
EID_6228,0.1706106
EID_21309,0.1817055
EID_16971,0.0
EID_25273,0.15929802
EID_8968,0.16623901
EID_21475,0.18854134
EID_1982,0.16732442
EID_23627,0.16405508
EID_14209,0.16120724
EID_22365,0.0
EID_21031,0.0
EID_16883,0.0
EID_15734,0.15681432
EID_20840,0.15439618
EID_20792,0.17827426
EID_2652,0.18487637
EID_3079,0.0
EID_1425,0.0
EID_17271,0.15377225
EID_22724,0.0
EID_23964,0.19046539
EID_9333,0.16214508
EID_12374,0.18439522
EID_25107,0.18149276
EID_22869,0.18193159
EID_18753,0.17367528
EID_16805,0.1913335
EID_19994,0.0
EID_3004,0.15568094
EID_12616,0.1816634
EID_6090,0.1832888
EID_3303,0.19157775
EID_9435,0.18590447
EID_1838,0.16934219
EID_15681,0.18115258
EID_17496,0.1904252
EID_8456,0.0
EID_23174,0.14391367
EID_8285,0.16892782
EID_6547,0.16649938
EID_23648,0.0
EID_7958,0.1686112
EID_19299,0.17774723
EID_8699,0.16304925
EID_14528,0.0
EID_23167,0.18281886
EID_25289,0.18661109
EID_12802,0.0
EID_15986,0.20337752
EID_3609,0.17545888
EID_2045,0.15639329
EID_1788,0.18632014
EID_22630,0.0
EID_10542,0.19435571
EID_13101,0.16619052
EID_5159,0.16985387
EID_18490,0.0
EID_25693,0.14880791
EID_20514,0.0
EID_3713,0.1755175
EID_11193,0.1881932
EID_6052,0.16555059
EID_6986,0.17992097
EID_9104,0.1638652
EID_23058,0.19163364
EID_3156,0.0
EID_17660,0.1826647
EID_17514,0.20282486
EID_15370,0.17266719
EID_12207,0.18268618
EID_7351,0.18377762
EID_24727,0.19392438
EID_6356,0.17481102
EID_15421,0.0
EID_11772,0.19775805
EID_14071,0.1928313
EID_16359,0.17240158
EID_16919,0.19294542
EID_21496,0.0
EID_10564,0.0
EID_3773,0.0
EID_9484,0.21018937
EID_13601,0.15287285
EID_13843,0.0
EID_8774,0.19793846
EID_7542,0.18902539
EID_3388,0.1994612
EID_17949,0.17600533
EID_1815,0.14358528
EID_10479,0.0
EID_10722,0.18617861
EID_3427,0.19679335
EID_18205,0.0
EID_21650,0.17001459
EID_23124,0.16784246
EID_4294,0.16354917
EID_13366,0.17324755
EID_13957,0.17655511
EID_3578,0.18550825
EID_24105,0.17529365
EID_13186,0.17815284
EID_24214,0.18303561
EID_17251,0.19087324
EID_23225,0.16299619
EID_2152,0.17020673
EID_10625,0.1977689
EID_2044,0.17233886
EID_7201,0.19085868
EID_2405,0.20637357
EID_22716,0.19027306
EID_22728,0.0
EID_21251,0.0
EID_6915,0.2016323
EID_14744,0.0
EID_15814,0.16203924
EID_6659,0.0
EID_10991,0.17579725
EID_6500,0.16203994
EID_19121,0.16335014
EID_6278,0.19771053
EID_13236,0.17457703
EID_5382,0.0
EID_6871,0.18183838
EID_5012,0.15316136
EID_1268,0.1999569
EID_6588,0.16062655
EID_22163,0.17384997
EID_11121,0.0
EID_22615,0.18952253
EID_7838,0.18980086
EID_3344,0.16312282
EID_25292,0.18875451
EID_10730,0.16401868
EID_10317,0.0
EID_13443,0.20523709
EID_10988,0.0
EID_23091,0.20414059
EID_1839,0.18343394
EID_13892,0.0
EID_1496,0.0
EID_15045,0.18252222
EID_3744,0.17108737
EID_13010,0.19041733
EID_9716,0.19303349
EID_2993,0.18590748
EID_23435,0.1774393
EID_8587,0.18743065
EID_22132,0.19856277
EID_21413,0.0
EID_11881,0.17739823
EID_19850,0.0
EID_18460,0.18192212
EID_17983,0.19196837
EID_14888,0.1907631
EID_14002,0.0
EID_13524,0.1712269
EID_4049,0.0
EID_6535,0.17656131
EID_10557,0.17458582
EID_1313,0.0
EID_12424,0.17474444
EID_8210,0.1648468
EID_22378,0.18536824
EID_19644,0.17119318
EID_8790,0.18372448
EID_5778,0.19153136
EID_23887,0.17952764
EID_16103,0.0
EID_20604,0.0
EID_17378,0.2037773
EID_5566,0.1748917
EID_24264,0.0
EID_7814,0.18475637
EID_1968,0.18481825
EID_10282,0.19373906
EID_13648,0.19283062
EID_22376,0.17418134
EID_3690,0.15639937
EID_17871,0.0
EID_19167,0.0
EID_5366,0.0
EID_16996,0.16354944
EID_1953,0.1598241
EID_8760,0.20039126
EID_20448,0.0
EID_15787,0.1893534
EID_18982,0.18579261
EID_4388,0.0
EID_22325,0.18316987
EID_10189,0.17183866
EID_21162,0.0
EID_1032,0.19461256
EID_12045,0.17818794
EID_18324,0.18705128
EID_15085,0.1642506
EID_21927,0.18240485
EID_13325,0.1868449
EID_17801,0.0
EID_7678,0.1726023
EID_17469,0.18162423
EID_14318,0.0
EID_16439,0.18419194
EID_2307,0.0
EID_20011,0.16101035
EID_19381,0.16922845
EID_14043,0.0
EID_14774,0.19276896
EID_22982,0.1785751
EID_19092,0.16841719
EID_13137,0.18155722
EID_5738,0.20339108
EID_19661,0.16698305
EID_22570,0.0
EID_16393,0.20817742
EID_4256,0.16993001
EID_17873,0.1771901
EID_13832,0.18273601
EID_17617,0.18503511
EID_3106,0.15254815
EID_6567,0.17473076
EID_4727,0.17944019
EID_14518,0.18900892
EID_1070,0.16898398
EID_19385,0.20344469
EID_20032,0.0
EID_11714,0.18808438
EID_23636,0.16638832
EID_1985,0.0
EID_5627,0.16726936
EID_15171,0.0
EID_8811,0.0
EID_2163,0.16517502
EID_8459,0.17113197
EID_18138,0.18357977
EID_17518,0.18981163
EID_17432,0.0
EID_25686,0.0
EID_2470,0.0
EID_16311,0.17900567
EID_6903,0.0
EID_11990,0.19122975
EID_23460,0.0
EID_25924,0.17301208
EID_13985,0.1853538
EID_5455,0.0
EID_13427,0.17522939
EID_24855,0.17542726
EID_15532,0.20253429
EID_8953,0.18302017
EID_22683,0.1670262
EID_22493,0.16411036
EID_1451,0.18519656
EID_20796,0.17935798
EID_17281,0.18310837
EID_7767,0.0
EID_20838,0.19509509
EID_17235,0.1900031
EID_21615,0.0
EID_6972,0.0
EID_13930,0.19010761
EID_4188,0.16870448
EID_11277,0.19017836
EID_18053,0.16955051
EID_11288,0.0
EID_1148,0.16182145
EID_19216,0.17210102
EID_7660,0.17292891
EID_22805,0.19542289
EID_11931,0.19236766
EID_16921,0.1914967
EID_4993,0.19246514
EID_18070,0.180392
EID_15648,0.0
EID_11404,0.18395098
EID_14248,0.0
EID_15424,0.1927649
EID_8039,0.1696982
EID_7094,0.146809
EID_13161,0.18494195
EID_9293,0.16265877
EID_4351,0.17281854
EID_17259,0.15815845
EID_2681,0.17399815
EID_22123,0.1963072
EID_8528,0.16952437
EID_11798,0.185231
EID_20265,0.0
EID_21396,0.16040833
EID_12220,0.18439549
EID_25722,0.19336471
EID_21719,0.0
EID_3506,0.1627404
EID_2139,0.1965591
EID_6562,0.0
EID_4353,0.1845057
EID_24392,0.16009253
EID_11238,0.0
EID_20617,0.15973167
EID_21473,0.21106231
EID_16837,0.0
EID_1800,0.17776136
EID_25849,0.19051005
EID_9395,0.196264
EID_2415,0.18984996
EID_9286,0.0
EID_5081,0.19652367
EID_22546,0.17632404
EID_11932,0.18873732
EID_16292,0.0
EID_17882,0.17305732
EID_20889,0.19672775
EID_10031,0.17578527
EID_21576,0.17473811
EID_8256,0.17276424
EID_2614,0.15457721
EID_2098,0.18117055
EID_10242,0.16311151
EID_21993,0.17117782
EID_22664,0.0
EID_1919,0.0
EID_11629,0.0
EID_6840,0.2087722
EID_25493,0.17724702
EID_14968,0.16304255
EID_25313,0.15246952
EID_8035,0.0
EID_8969,0.0
EID_15223,0.0
EID_6266,0.15904488
EID_8184,0.17592499
EID_19480,0.18963645
EID_19076,0.19811317
EID_16339,0.0
EID_7963,0.19648704
EID_17427,0.16691019
EID_12641,0.0
EID_4122,0.19189025
EID_23659,0.15945022
EID_13486,0.0
EID_18423,0.18310347
EID_2181,0.14905307
EID_25490,0.0
EID_9211,0.16845211
EID_5237,0.0
EID_2418,0.16987048
EID_17716,0.0
EID_13837,0.0
EID_2840,0.16424955
EID_13004,0.1959386
EID_14429,0.1879977
EID_18915,0.20341945
EID_22415,0.15307
EID_4304,0.15209803
EID_10753,0.0
EID_22612,0.17485784
EID_1857,0.0
EID_3566,0.0
EID_8545,0.0
EID_21685,0.17629588
EID_9946,0.17112751
EID_20447,0.0
EID_3887,0.0
EID_8351,0.0
EID_23889,0.20752268
EID_8248,0.0
EID_16621,0.19054082
EID_25138,0.1819723
EID_10004,0.17653036
EID_5522,0.16961145
EID_23416,0.19213526
EID_14897,0.16088785
EID_10840,0.16951387
EID_21716,0.18647389
EID_18484,0.0
EID_7402,0.16684401
EID_24854,0.0
EID_1610,0.19341768
EID_17592,0.17426653
EID_22128,0.15881395
EID_17304,0.19775353
EID_1508,0.18351305
EID_20492,0.18187067
EID_2324,0.18448925
EID_17093,0.18016376
EID_23356,0.18500164
EID_17895,0.18855588
EID_8186,0.1738965
EID_19358,0.17647082
EID_6030,0.0
EID_17457,0.0
EID_14976,0.18298347
EID_8914,0.15264076
EID_5721,0.0
EID_11266,0.17868446
EID_17012,0.17583188
EID_7554,0.1536862
EID_3087,0.19605485
EID_19716,0.16769624
EID_21723,0.19838901
EID_13072,0.0
EID_9776,0.18611929
EID_25927,0.22134289
EID_5593,0.19732665
EID_13954,0.17714626
EID_16034,0.17459223
EID_1719,0.0
EID_23054,0.0
EID_15591,0.15886207
EID_5178,0.17400151
EID_24346,0.19242485
EID_21264,0.0
EID_3292,0.0
EID_14975,0.17286353
EID_9165,0.13779804
EID_23369,0.15275787
EID_18767,0.18719226
EID_10153,0.0
EID_2542,0.16867487
EID_23826,0.0
EID_20391,0.1977104
EID_8633,0.17897408
EID_5875,0.17551592
EID_12699,0.17777771
EID_12982,0.20189552
EID_16392,0.16566272
EID_8185,0.0
EID_15462,0.1790418
EID_4853,0.20961857
EID_17622,0.0
EID_23074,0.2142393
EID_6390,0.184434
EID_24539,0.17651641
EID_12963,0.1548002
EID_8649,0.17776676
EID_11810,0.19052768
EID_3598,0.17335185
EID_13511,0.19449171
EID_16014,0.17408954
EID_24791,0.18778032
EID_3417,0.1630946
EID_24668,0.16371161
EID_4508,0.16478714
EID_25150,0.18174653
EID_25934,0.16619954
EID_6308,0.13953854
EID_10508,0.17438231
EID_18724,0.0
EID_10536,0.0
EID_18738,0.16027103
EID_15949,0.154147
EID_20722,0.16783927
EID_14963,0.18584505
EID_6682,0.15541823
EID_8365,0.1655265
EID_17999,0.19061168
EID_24499,0.18771474
EID_20389,0.18583862
EID_12123,0.20652144
EID_19203,0.17758673
EID_3538,0.0
EID_19811,0.18900715
EID_11473,0.17940095
EID_3032,0.17191209
EID_8419,0.16443066
EID_9052,0.17868279
EID_15837,0.0
EID_6644,0.17031321
EID_16894,0.18625306
EID_10552,0.17693059
EID_14750,0.17758016
EID_16659,0.16597646
EID_4472,0.0
EID_4076,0.17219914
EID_5163,0.17045154
EID_25923,0.20342658
EID_24806,0.19043937
EID_3742,0.17754394
EID_19722,0.17052333
EID_18033,0.18578057
EID_16718,0.20156164
EID_13182,0.0
EID_23021,0.21097425
EID_20329,0.18587476
EID_8770,0.16547458
EID_11234,0.19468528
EID_18881,0.17748761
EID_1365,0.18327613
EID_19318,0.18408939
EID_19343,0.16820946
EID_4435,0.17058463
EID_22102,0.17956264
EID_24095,0.0
EID_9897,0.2143696
EID_21635,0.0
EID_16514,0.0
EID_1997,0.0
EID_10324,0.0
EID_6487,0.0
EID_21197,0.17103292
EID_19082,0.20102754
EID_17562,0.18217005
EID_8738,0.17034853
EID_13687,0.1711686
EID_19572,0.1704344
EID_24909,0.17206551
EID_21814,0.16007434
EID_12083,0.18580574
EID_25919,0.16097169
EID_19140,0.16612224
EID_23924,0.0
EID_1208,0.17647158
EID_18170,0.17739373
EID_18699,0.1783336
EID_1318,0.169881
EID_14941,0.1733518
EID_6540,0.16730686
EID_20936,0.1947214
EID_9705,0.19372232
EID_24181,0.19445765
EID_22138,0.0
EID_23044,0.0
EID_9038,0.19068351
EID_3247,0.18192622
EID_19630,0.17085004
EID_8655,0.0
EID_10423,0.17317542
EID_3946,0.16378418
EID_16512,0.17421314
EID_12473,0.20603278
EID_11571,0.18907669
EID_14381,0.1920007
EID_12675,0.19469103
EID_1930,0.16293667
EID_20155,0.16168778
EID_22902,0.18050067
EID_24145,0.0
EID_5342,0.16879
EID_8334,0.15699813
EID_25708,0.19386157
EID_19991,0.17488462
EID_5499,0.2064335
EID_5953,0.0
EID_7444,0.0
EID_6218,0.0
EID_12891,0.0
EID_16456,0.0
EID_20256,0.19138807
EID_9959,0.18729962
EID_8845,0.17383061
EID_1662,0.16811876
EID_8739,0.17799163
EID_20695,0.0
EID_19446,0.17977065
EID_12441,0.0
EID_13066,0.179459
EID_8911,0.15676628
EID_22200,0.17721723
EID_9689,0.0
EID_1668,0.0
EID_8120,0.0
EID_22777,0.18318525
EID_19141,0.17970416
EID_22674,0.18737197
EID_16121,0.0
EID_14662,0.19397467
EID_23290,0.18791786
EID_20144,0.18678223
EID_23052,0.18779632
EID_25575,0.17297812
EID_23724,0.0
EID_14759,0.0
EID_25209,0.1976571
EID_17753,0.16787189
EID_4693,0.1681323
EID_17284,0.19251993
EID_9131,0.19423884
EID_24625,0.19403978
EID_24912,0.17964882
EID_19612,0.0
EID_9147,0.18892038
EID_6891,0.18744661
EID_10639,0.18863262
EID_5880,0.0
EID_22547,0.18940446
EID_10066,0.0
EID_7126,0.0
EID_4929,0.15153587
EID_24750,0.19147965
